{
  "best_model": "XGBoost",
  "random_forest": {
    "avg_accuracy": 0.6481481481481483,
    "avg_f1": 0.6391618971684331,
    "fold_scores": {
      "acc": [
        0.5,
        0.6111111111111112,
        0.8333333333333334
      ],
      "f1": [
        0.5080861404390816,
        0.5757575757575757,
        0.833641975308642
      ]
    }
  },
  "xgboost": {
    "avg_accuracy": 0.8888888888888888,
    "avg_f1": 0.8811527978194645,
    "fold_scores": {
      "acc": [
        0.8888888888888888
      ],
      "f1": [
        0.8811527978194645
      ]
    }
  },
  "final_accuracy": 1.0,
  "class_distribution": {
    "respiratory": 52,
    "pain_musculoskeletal": 38,
    "digestive": 20,
    "other": 20,
    "systemic_infectious": 10,
    "neuro_psych": 4,
    "dermatological_trauma": 1,
    "cardiovascular_chronic": 1
  }
}